benign_921,0
benign_248,0
benign_261,0
benign_156,0
benign_567,0
benign_550,0
benign_804,0
benign_59,0
benign_754,0
benign_645,0
benign_614,0
benign_747,0
benign_717,0
benign_573,0
benign_381,0
benign_71,0
benign_524,0
benign_824,0
benign_448,0
benign_87,0
benign_1082,0
benign_984,0
benign_278,0
benign_333,0
benign_211,0
benign_141,0
benign_676,0
benign_782,0
benign_377,0
benign_1008,0
benign_814,0
benign_868,0
benign_904,0
benign_644,0
benign_241,0
benign_424,0
benign_24,0
benign_345,0
benign_50,0
benign_343,0
benign_209,0
benign_1170,0
benign_324,0
benign_108,0
benign_669,0
benign_729,0
benign_893,0
benign_359,0
benign_356,0
benign_962,0
benign_436,0
benign_1000,0
benign_364,0
benign_1003,0
benign_1143,0
benign_1113,0
benign_1054,0
benign_944,0
benign_858,0
benign_372,0
benign_55,0
benign_271,0
benign_219,0
benign_838,0
benign_57,0
benign_738,0
benign_922,0
benign_1156,0
benign_589,0
benign_954,0
benign_895,0
benign_428,0
benign_534,0
benign_479,0
benign_934,0
benign_677,0
benign_1140,0
benign_1101,0
benign_200,0
benign_616,0
benign_114,0
benign_1049,0
benign_110,0
benign_102,0
benign_175,0
benign_82,0
benign_421,0
benign_590,0
benign_603,0
benign_363,0
benign_234,0
benign_276,0
benign_803,0
benign_159,0
benign_290,0
benign_267,0
benign_129,0
benign_592,0
benign_320,0
benign_495,0
benign_1079,0
benign_439,0
benign_454,0
benign_850,0
benign_266,0
benign_199,0
benign_900,0
benign_975,0
benign_45,0
benign_382,0
benign_1128,0
benign_562,0
benign_1002,0
benign_1086,0
benign_440,0
benign_1009,0
benign_756,0
benign_334,0
benign_52,0
benign_1184,0
benign_297,0
benign_846,0
benign_1036,0
benign_974,0
benign_623,0
benign_808,0
benign_244,0
benign_734,0
benign_619,0
benign_169,0
benign_171,0
benign_221,0
benign_939,0
benign_423,0
benign_702,0
benign_941,0
benign_719,0
benign_924,0
benign_291,0
benign_536,0
benign_621,0
benign_1010,0
benign_299,0
benign_1109,0
benign_880,0
benign_1004,0
benign_157,0
benign_854,0
benign_1056,0
benign_737,0
benign_210,0
benign_999,0
benign_97,0
benign_1178,0
benign_32,0
benign_837,0
benign_1158,0
benign_935,0
benign_462,0
benign_527,0
benign_1183,0
benign_164,0
benign_287,0
benign_89,0
benign_658,0
benign_683,0
benign_245,0
benign_193,0
benign_1032,0
benign_637,0
benign_1025,0
benign_486,0
benign_912,0
benign_1139,0
benign_591,0
benign_599,0
benign_923,0
benign_11,0
benign_758,0
benign_708,0
benign_843,0
benign_60,0
benign_993,0
benign_232,0
benign_1157,0
benign_399,0
benign_1051,0
benign_1050,0
benign_507,0
benign_755,0
benign_821,0
benign_632,0
benign_542,0
benign_552,0
benign_1116,0
benign_600,0
benign_799,0
benign_885,0
benign_1186,0
benign_715,0
benign_978,0
benign_309,0
benign_310,0
benign_732,0
benign_915,0
benign_791,0
benign_913,0
benign_618,0
benign_426,0
benign_549,0
benign_615,0
benign_84,0
benign_329,0
benign_753,0
benign_391,0
benign_130,0
benign_882,0
benign_411,0
benign_983,0
benign_585,0
benign_667,0
benign_535,0
benign_943,0
benign_940,0
benign_948,0
benign_77,0
benign_725,0
benign_139,0
benign_307,0
benign_810,0
benign_1024,0
benign_64,0
benign_142,0
benign_537,0
benign_368,0
benign_355,0
benign_140,0
benign_406,0
benign_823,0
benign_225,0
benign_693,0
benign_655,0
benign_429,0
benign_781,0
benign_328,0
benign_662,0
benign_1084,0
benign_44,0
benign_712,0
benign_179,0
benign_1179,0
benign_136,0
benign_561,0
benign_79,0
benign_610,0
benign_185,0
benign_722,0
benign_739,0
benign_459,0
benign_568,0
benign_275,0
benign_844,0
benign_583,0
benign_678,0
benign_931,0
benign_826,0
benign_533,0
benign_40,0
benign_31,0
benign_243,0
benign_851,0
benign_137,0
benign_959,0
benign_528,0
benign_4,0
benign_472,0
benign_595,0
benign_1138,0
benign_911,0
benign_1090,0
benign_1064,0
benign_431,0
benign_728,0
benign_705,0
benign_498,0
benign_101,0
benign_629,0
benign_483,0
benign_452,0
benign_794,0
benign_293,0
benign_362,0
benign_295,0
benign_228,0
benign_322,0
benign_876,0
benign_630,0
benign_478,0
benign_67,0
benign_68,0
benign_553,0
benign_212,0
benign_13,0
benign_482,0
benign_761,0
benign_300,0
benign_819,0
benign_874,0
benign_1067,0
benign_443,0
benign_1015,0
benign_757,0
benign_1185,0
benign_1110,0
benign_433,0
benign_1112,0
benign_559,0
benign_430,0
benign_274,0
benign_383,0
benign_238,0
benign_395,0
benign_3,0
benign_7,0
benign_312,0
benign_1125,0
benign_332,0
benign_463,0
benign_216,0
benign_579,0
benign_28,0
benign_1150,0
benign_353,0
benign_494,0
benign_769,0
benign_1094,0
benign_721,0
benign_724,0
benign_529,0
benign_1042,0
benign_412,0
benign_257,0
benign_292,0
benign_26,0
benign_337,0
benign_378,0
benign_48,0
benign_319,0
benign_107,0
benign_786,0
benign_56,0
benign_718,0
benign_214,0
benign_121,0
benign_555,0
benign_674,0
benign_514,0
benign_73,0
benign_597,0
benign_736,0
benign_480,0
benign_960,0
benign_937,0
benign_773,0
benign_707,0
benign_554,0
benign_414,0
benign_835,0
benign_1016,0
benign_910,0
benign_317,0
benign_653,0
benign_815,0
benign_1108,0
benign_709,0
benign_416,0
benign_539,0
benign_61,0
benign_713,0
benign_93,0
benign_845,0
benign_1058,0
benign_352,0
benign_919,0
benign_281,0
benign_410,0
benign_360,0
benign_540,0
benign_520,0
benign_466,0
benign_716,0
benign_183,0
benign_765,0
benign_434,0
benign_111,0
benign_371,0
benign_240,0
benign_1043,0
benign_622,0
benign_586,0
benign_1038,0
benign_487,0
benign_262,0
benign_468,0
benign_1030,0
benign_340,0
benign_1012,0
benign_544,0
benign_1137,0
benign_184,0
benign_138,0
benign_1153,0
benign_744,0
benign_680,0
benign_81,0
benign_714,0
benign_1189,0
benign_909,0
benign_30,0
benign_425,0
benign_166,0
benign_249,0
benign_308,0
benign_347,0
benign_335,0
benign_286,0
benign_997,0
benign_574,0
benign_998,0
benign_1168,0
benign_899,0
benign_594,0
benign_672,0
benign_606,0
benign_789,0
benign_746,0
benign_679,0
benign_66,0
benign_627,0
benign_733,0
benign_833,0
benign_1076,0
benign_1091,0
benign_303,0
benign_255,0
benign_945,0
benign_918,0
benign_313,0
benign_523,0
benign_222,0
benign_389,0
benign_236,0
benign_797,0
benign_546,0
benign_1134,0
benign_306,0
benign_1103,0
benign_491,0
benign_760,0
benign_903,0
benign_1190,0
benign_250,0
benign_1171,0
benign_989,0
benign_72,0
benign_95,0
benign_1159,0
benign_34,0
benign_848,0
benign_571,0
benign_449,0
benign_446,0
benign_260,0
benign_205,0
benign_635,0
benign_839,0
benign_1062,0
benign_366,0
benign_1144,0
benign_78,0
benign_85,0
benign_558,0
benign_83,0
benign_458,0
benign_1135,0
benign_694,0
benign_856,0
benign_1068,0
benign_812,0
benign_437,0
benign_887,0
benign_543,0
benign_1044,0
benign_351,0
benign_197,0
benign_465,0
benign_763,0
benign_6,0
benign_311,0
benign_775,0
benign_405,0
benign_1037,0
benign_917,0
benign_105,0
benign_98,0
benign_701,0
benign_530,0
benign_515,0
benign_901,0
benign_315,0
benign_1162,0
benign_598,0
benign_63,0
benign_282,0
benign_831,0
benign_239,0
benign_224,0
benign_146,0
benign_1111,0
benign_374,0
benign_119,0
benign_790,0
benign_251,0
benign_1149,0
benign_10,0
benign_450,0
benign_860,0
benign_390,0
benign_1048,0
benign_461,0
benign_1019,0
benign_145,0
benign_502,0
benign_1100,0
benign_178,0
benign_1151,0
benign_689,0
benign_576,0
benign_1187,0
benign_8,0
benign_991,0
benign_830,0
benign_358,0
benign_330,0
benign_695,0
benign_817,0
benign_259,0
benign_877,0
benign_981,0
benign_1107,0
benign_890,0
benign_526,0
benign_928,0
benign_650,0
benign_740,0
benign_1133,0
benign_441,0
benign_532,0
benign_987,0
benign_229,0
benign_1033,0
benign_213,0
benign_80,0
benign_149,0
benign_584,0
benign_809,0
benign_582,0
benign_134,0
benign_1180,0
benign_409,0
benign_668,0
benign_508,0
benign_863,0
benign_505,0
benign_666,0
benign_348,0
benign_387,0
benign_1,0
benign_361,0
benign_1126,0
benign_476,0
benign_766,0
benign_742,0
benign_173,0
benign_451,0
benign_126,0
benign_631,0
benign_531,0
benign_91,0
benign_1154,0
benign_182,0
benign_651,0
benign_985,0
benign_252,0
benign_70,0
benign_132,0
benign_301,0
benign_661,0
benign_327,0
benign_1005,0
benign_500,0
benign_1148,0
benign_905,0
benign_496,0
benign_339,0
benign_950,0
benign_165,0
benign_29,0
benign_517,0
benign_194,0
benign_768,0
benign_170,0
benign_865,0
benign_174,0
benign_519,0
benign_906,0
benign_813,0
benign_492,0
benign_74,0
benign_967,0
benign_588,0
benign_235,0
benign_215,0
benign_933,0
benign_133,0
benign_723,0
benign_927,0
benign_186,0
benign_42,0
benign_109,0
benign_1034,0
benign_569,0
benign_1040,0
benign_986,0
benign_1147,0
benign_484,0
benign_469,0
benign_25,0
benign_971,0
benign_671,0
benign_772,0
benign_980,0
benign_367,0
benign_827,0
benign_1188,0
benign_384,0
benign_455,0
benign_265,0
benign_1066,0
benign_966,0
benign_445,0
benign_396,0
benign_731,0
benign_177,0
benign_19,0
benign_696,0
benign_802,0
benign_596,0
benign_62,0
benign_273,0
benign_1118,0
benign_279,0
benign_891,0
benign_369,0
benign_873,0
benign_807,0
benign_847,0
benign_1001,0
benign_762,0
benign_548,0
benign_866,0
benign_886,0
benign_457,0
benign_394,0
benign_1146,0
benign_951,0
benign_376,0
benign_413,0
benign_75,0
benign_1114,0
benign_849,0
benign_501,0
benign_788,0
benign_617,0
benign_115,0
benign_418,0
benign_602,0
benign_605,0
benign_90,0
benign_1141,0
benign_499,0
benign_862,0
benign_869,0
benign_867,0
benign_12,0
benign_397,0
benign_1093,0
benign_556,0
benign_43,0
benign_168,0
benign_417,0
benign_577,0
benign_268,0
benign_1078,0
benign_427,0
benign_691,0
benign_545,0
benign_1115,0
benign_675,0
benign_690,0
benign_1047,0
benign_1169,0
benign_968,0
benign_870,0
benign_258,0
benign_336,0
benign_16,0
benign_888,0
benign_325,0
benign_608,0
benign_1046,0
benign_778,0
benign_223,0
benign_180,0
benign_100,0
benign_522,0
benign_23,0
benign_357,0
benign_947,0
benign_1104,0
benign_612,0
benign_995,0
benign_341,0
benign_432,0
benign_1059,0
benign_218,0
benign_204,0
benign_1074,0
benign_94,0
benign_842,0
benign_69,0
benign_1165,0
benign_285,0
benign_697,0
benign_86,0
benign_435,0
benign_784,0
benign_154,0
benign_76,0
benign_1035,0
benign_581,0
benign_447,0
benign_704,0
benign_189,0
benign_272,0
benign_237,0
benign_488,0
benign_1152,0
benign_560,0
benign_118,0
benign_638,0
benign_1069,0
benign_751,0
benign_513,0
benign_634,0
benign_787,0
benign_992,0
benign_840,0
benign_127,0
benign_117,0
benign_474,0
benign_741,0
benign_979,0
benign_58,0
benign_604,0
benign_957,0
benign_657,0
benign_889,0
benign_908,0
benign_106,0
benign_636,0
benign_370,0
benign_269,0
benign_656,0
benign_47,0
benign_350,0
benign_774,0
benign_196,0
benign_103,0
benign_5,0
benign_620,0
benign_977,0
benign_53,0
benign_264,0
benign_1085,0
benign_444,0
benign_1161,0
benign_783,0
benign_834,0
benign_692,0
benign_305,0
benign_342,0
benign_853,0
benign_314,0
benign_150,0
benign_125,0
benign_1055,0
benign_575,0
benign_698,0
benign_665,0
benign_51,0
benign_727,0
benign_800,0
benign_354,0
benign_1145,0
benign_143,0
benign_471,0
benign_654,0
benign_400,0
benign_1027,0
benign_902,0
benign_321,0
benign_20,0
benign_685,0
benign_36,0
benign_825,0
benign_506,0
benign_828,0
benign_1063,0
benign_408,0
benign_818,0
benign_538,0
benign_759,0
benign_1061,0
benign_894,0
benign_39,0
benign_176,0
benign_246,0
benign_811,0
benign_1120,0
benign_949,0
benign_785,0
benign_1177,0
benign_490,0
benign_155,0
benign_639,0
benign_663,0
benign_288,0
benign_626,0
benign_1119,0
benign_686,0
benign_859,0
benign_570,0
benign_1136,0
benign_735,0
benign_793,0
benign_18,0
benign_128,0
benign_323,0
benign_256,0
benign_1095,0
benign_1172,0
benign_191,0
benign_116,0
benign_1166,0
benign_875,0
benign_607,0
benign_181,0
benign_302,0
benign_497,0
benign_1014,0
benign_1028,0
benign_969,0
benign_745,0
benign_942,0
benign_518,0
benign_373,0
benign_46,0
benign_477,0
benign_158,0
benign_1075,0
benign_172,0
benign_17,0
benign_512,0
benign_49,0
benign_192,0
benign_547,0
benign_516,0
benign_964,0
benign_925,0
benign_829,0
benign_970,0
benign_481,0
benign_1121,0
benign_284,0
benign_1020,0
benign_798,0
benign_926,0
benign_226,0
benign_27,0
benign_283,0
benign_1142,0
benign_438,0
benign_1160,0
benign_365,0
benign_230,0
benign_38,0
benign_670,0
benign_750,0
benign_1173,0
benign_375,0
benign_470,0
benign_883,0
benign_1174,0
benign_688,0
benign_33,0
benign_1129,0
benign_1031,0
benign_195,0
benign_1098,0
benign_1106,0
benign_938,0
benign_504,0
benign_916,0
benign_1006,0
benign_1175,0
benign_1080,0
benign_801,0
benign_580,0
benign_161,0
benign_681,0
benign_1123,0
benign_163,0
benign_822,0
benign_706,0
benign_994,0
benign_878,0
benign_896,0
benign_914,0
benign_1191,0
benign_153,0
benign_965,0
benign_990,0
benign_510,0
benign_112,0
benign_227,0
benign_972,0
benign_852,0
benign_104,0
benign_422,0
benign_420,0
benign_625,0
benign_587,0
benign_1053,0
benign_920,0
benign_673,0
benign_120,0
benign_54,0
benign_152,0
benign_404,0
benign_1181,0
benign_208,0
benign_1192,0
benign_659,0
benign_1089,0
benign_233,0
benign_9,0
benign_160,0
benign_37,0
benign_453,0
benign_652,0
benign_254,0
benign_304,0
benign_897,0
benign_1041,0
benign_881,0
benign_572,0
benign_624,0
benign_1007,0
benign_1070,0
benign_1011,0
benign_263,0
benign_611,0
benign_298,0
benign_415,0
benign_151,0
benign_946,0
benign_473,0
benign_953,0
benign_988,0
benign_779,0
benign_641,0
benign_1182,0
benign_1122,0
benign_551,0
benign_640,0
benign_936,0
benign_929,0
benign_489,0
benign_820,0
mal_1,1
mal_2,1
mal_3,1
mal_4,1
mal_5,1
mal_6,1
mal_7,1
mal_8,1
mal_9,1
mal_10,1
mal_11,1
mal_12,1
mal_13,1
mal_14,1
mal_15,1
mal_16,1
mal_17,1
mal_18,1
mal_19,1
mal_20,1
mal_21,1
mal_22,1
mal_23,1
mal_24,1
mal_25,1
mal_26,1
mal_27,1
mal_28,1
mal_29,1
mal_30,1
mal_31,1
mal_32,1
mal_33,1
mal_34,1
mal_35,1
mal_36,1
mal_37,1
mal_38,1
mal_39,1
mal_40,1
mal_41,1
mal_42,1
mal_43,1
mal_44,1
mal_45,1
mal_46,1
mal_47,1
mal_48,1
mal_49,1
mal_50,1
mal_51,1
mal_52,1
mal_53,1
mal_54,1
mal_55,1
mal_56,1
mal_57,1
mal_58,1
mal_59,1
mal_60,1
mal_61,1
mal_62,1
mal_63,1
mal_64,1
mal_65,1
mal_66,1
mal_67,1
mal_68,1
mal_69,1
mal_70,1
mal_71,1
mal_72,1
mal_73,1
mal_74,1
mal_75,1
mal_76,1
mal_77,1
mal_78,1
mal_79,1
mal_80,1
mal_81,1
mal_82,1
mal_83,1
mal_84,1
mal_85,1
mal_86,1
mal_87,1
mal_88,1
mal_89,1
mal_90,1
mal_91,1
mal_92,1
mal_93,1
mal_94,1
mal_95,1
mal_96,1
mal_97,1
mal_98,1
mal_99,1
mal_100,1
mal_101,1
mal_102,1
mal_103,1
mal_104,1
mal_105,1
mal_106,1
mal_107,1
mal_108,1
mal_109,1
mal_110,1
mal_111,1
mal_112,1
mal_113,1
mal_114,1
mal_115,1
mal_116,1
mal_117,1
mal_118,1
mal_119,1
mal_120,1
mal_121,1
mal_122,1
mal_123,1
mal_124,1
mal_125,1
mal_126,1
mal_127,1
mal_128,1
mal_129,1
mal_130,1
mal_131,1
mal_132,1
mal_133,1
mal_134,1
mal_135,1
mal_136,1
mal_137,1
mal_138,1
mal_139,1
mal_140,1
mal_141,1
mal_142,1
mal_143,1
mal_144,1
mal_145,1
mal_146,1
mal_147,1
mal_148,1
mal_149,1
mal_150,1
mal_151,1
mal_152,1
mal_153,1
mal_154,1
mal_155,1
mal_156,1
mal_157,1
mal_158,1
mal_159,1
mal_160,1
mal_161,1
mal_162,1
mal_163,1
mal_164,1
mal_165,1
mal_166,1
mal_167,1
mal_168,1
mal_169,1
mal_170,1
mal_171,1
mal_172,1
mal_173,1
mal_174,1
mal_175,1
mal_176,1
mal_177,1
mal_178,1
mal_179,1
mal_180,1
mal_181,1
mal_182,1
mal_183,1
mal_184,1
mal_185,1
mal_186,1
mal_187,1
mal_188,1
mal_189,1
mal_190,1
mal_191,1
mal_192,1
mal_193,1
mal_194,1
mal_195,1
mal_196,1
mal_197,1
mal_198,1
mal_199,1
mal_200,1
mal_201,1
mal_202,1
mal_203,1
mal_204,1
mal_205,1
mal_206,1
mal_207,1
mal_208,1
mal_209,1
mal_210,1
mal_211,1
mal_212,1
mal_213,1
mal_214,1
mal_215,1
mal_216,1
mal_217,1
mal_218,1
mal_219,1
mal_220,1
mal_221,1
mal_222,1
mal_223,1
mal_224,1
mal_225,1
mal_226,1
mal_227,1
mal_228,1
mal_229,1
mal_230,1
mal_231,1
mal_232,1
mal_233,1
mal_234,1
mal_235,1
mal_236,1
mal_237,1
mal_238,1
mal_239,1
mal_240,1
mal_241,1
mal_242,1
mal_243,1
mal_244,1
mal_245,1
mal_246,1
mal_247,1
mal_248,1
mal_249,1
mal_250,1
mal_251,1
mal_252,1
mal_253,1
mal_254,1
mal_255,1
mal_256,1
mal_257,1
mal_258,1
mal_259,1
mal_260,1
mal_261,1
mal_262,1
mal_263,1
mal_264,1
mal_265,1
mal_266,1
mal_267,1
mal_268,1
mal_269,1
mal_270,1
mal_271,1
mal_272,1
mal_273,1
mal_274,1
mal_275,1
mal_276,1
mal_277,1
mal_278,1
mal_279,1
mal_280,1
mal_281,1
mal_282,1
mal_283,1
mal_284,1
mal_285,1
mal_286,1
mal_287,1
mal_288,1
mal_289,1
mal_290,1
mal_291,1
mal_292,1
mal_293,1
mal_294,1
mal_295,1
mal_296,1
mal_297,1
mal_298,1
mal_299,1
mal_300,1
mal_301,1
mal_302,1
mal_303,1
mal_304,1
mal_305,1
mal_306,1
mal_307,1
mal_308,1
mal_309,1
mal_310,1
mal_311,1
mal_312,1
mal_313,1
mal_314,1
mal_315,1
mal_316,1
mal_317,1
mal_318,1
mal_319,1
mal_320,1
mal_321,1
mal_322,1
mal_323,1
mal_324,1
mal_325,1
mal_326,1
mal_327,1
mal_328,1
mal_329,1
mal_330,1
mal_331,1
mal_332,1
mal_333,1
mal_334,1
mal_335,1
mal_336,1
mal_337,1
mal_338,1
mal_339,1
mal_340,1
mal_341,1
mal_342,1
mal_343,1
mal_344,1
mal_345,1
mal_346,1
mal_347,1
mal_348,1
mal_349,1
mal_350,1
mal_351,1
mal_352,1
mal_353,1
mal_354,1
mal_355,1
mal_356,1
mal_357,1
mal_358,1
mal_359,1
mal_360,1
mal_361,1
mal_362,1
mal_363,1
mal_364,1
mal_365,1
mal_366,1
mal_367,1
mal_368,1
mal_369,1
mal_370,1
mal_371,1
mal_372,1
mal_373,1
mal_374,1
mal_375,1
mal_376,1
mal_377,1
mal_378,1
mal_379,1
mal_380,1
mal_381,1
mal_382,1
mal_383,1
mal_384,1
mal_385,1
mal_386,1
mal_387,1
mal_388,1
mal_389,1
mal_390,1
mal_391,1
mal_392,1
mal_393,1
mal_394,1
mal_395,1
mal_396,1
mal_397,1
mal_398,1
mal_399,1
mal_400,1
mal_401,1
mal_402,1
mal_403,1
mal_404,1
mal_405,1
mal_406,1
mal_407,1
mal_408,1
mal_409,1
mal_410,1
mal_411,1
mal_412,1
mal_413,1
mal_414,1
mal_415,1
mal_416,1
mal_417,1
mal_418,1
mal_419,1
mal_420,1
mal_421,1
mal_422,1
mal_423,1
mal_424,1
mal_425,1
mal_426,1
mal_427,1
mal_428,1
mal_429,1
mal_430,1
mal_431,1
mal_432,1
mal_433,1
mal_434,1
mal_435,1
mal_436,1
mal_437,1
mal_438,1
mal_439,1
mal_440,1
mal_441,1
mal_442,1
mal_443,1
mal_444,1
mal_445,1
mal_446,1
mal_447,1
mal_448,1
mal_449,1
mal_450,1
mal_451,1
mal_452,1
mal_453,1
mal_454,1
mal_455,1
mal_456,1
mal_457,1
mal_458,1
mal_459,1
mal_460,1
mal_461,1
mal_462,1
mal_463,1
mal_464,1
mal_465,1
mal_466,1
mal_467,1
mal_468,1
mal_469,1
mal_470,1
mal_471,1
mal_472,1
mal_473,1
mal_474,1
mal_475,1
mal_476,1
mal_477,1
mal_478,1
mal_479,1
mal_480,1
mal_481,1
mal_482,1
mal_483,1
mal_484,1
mal_485,1
mal_486,1
mal_487,1
mal_488,1
mal_489,1
mal_490,1
mal_491,1
mal_492,1
mal_493,1
mal_494,1
mal_495,1
mal_496,1
mal_497,1
mal_498,1
mal_499,1
mal_500,1
mal_501,1
mal_502,1
mal_503,1
mal_504,1
mal_505,1
mal_506,1
mal_507,1
mal_508,1
mal_509,1
mal_510,1
mal_511,1
mal_512,1
mal_513,1
mal_514,1
mal_515,1
mal_516,1
mal_517,1
mal_518,1
mal_519,1
mal_520,1
mal_521,1
mal_522,1
mal_523,1
mal_524,1
mal_525,1
mal_526,1
mal_527,1
mal_528,1
mal_529,1
mal_530,1
mal_531,1
mal_532,1
mal_533,1
mal_534,1
mal_535,1
mal_536,1
mal_537,1
mal_538,1
mal_539,1
mal_540,1
mal_541,1
mal_542,1
mal_543,1
mal_544,1
mal_545,1
mal_546,1
mal_547,1
mal_548,1
mal_549,1
mal_550,1
mal_551,1
mal_552,1
mal_553,1
mal_554,1
mal_555,1
mal_556,1
mal_557,1
mal_558,1
mal_559,1
mal_560,1
mal_561,1
mal_562,1
mal_563,1
mal_564,1
mal_565,1
mal_566,1
mal_567,1
mal_568,1
mal_569,1
mal_570,1
mal_571,1
mal_572,1
mal_573,1
mal_574,1
mal_575,1
mal_576,1
mal_577,1
mal_578,1
mal_579,1
mal_580,1
mal_581,1
mal_582,1
mal_583,1
mal_584,1
mal_585,1
mal_586,1
mal_587,1
mal_588,1
mal_589,1
mal_590,1
mal_591,1
mal_592,1
mal_593,1
mal_594,1
mal_595,1
mal_596,1
mal_597,1
mal_598,1
mal_599,1
mal_600,1
mal_601,1
mal_602,1
mal_603,1
mal_604,1
mal_605,1
mal_606,1
mal_607,1
mal_608,1
mal_609,1
mal_610,1
mal_611,1
mal_612,1
mal_613,1
mal_614,1
mal_615,1
mal_616,1
mal_617,1
mal_618,1
mal_619,1
mal_620,1
mal_621,1
mal_622,1
mal_623,1
mal_624,1
mal_625,1
mal_626,1
mal_627,1
mal_628,1
mal_629,1
mal_630,1
mal_631,1
mal_632,1
mal_633,1
mal_634,1
mal_635,1
mal_636,1
mal_637,1
mal_638,1
mal_639,1
mal_640,1
mal_641,1
mal_642,1
mal_643,1
mal_644,1
mal_645,1
mal_646,1
mal_647,1
mal_648,1
mal_649,1
mal_650,1
mal_651,1
mal_652,1
mal_653,1
mal_654,1
mal_655,1
mal_656,1
mal_657,1
mal_658,1
mal_659,1
mal_660,1
mal_661,1
mal_662,1
mal_663,1
mal_664,1
mal_665,1
mal_666,1
mal_667,1
mal_668,1
mal_669,1
mal_670,1
mal_671,1
mal_672,1
mal_673,1
mal_674,1
mal_675,1
mal_676,1
mal_677,1
mal_678,1
mal_679,1
mal_680,1
mal_681,1
mal_682,1
mal_683,1
mal_684,1
mal_685,1
mal_686,1
mal_687,1
mal_688,1
mal_689,1
mal_690,1
mal_691,1
mal_692,1
mal_693,1
mal_694,1
mal_695,1
mal_696,1
mal_697,1
mal_698,1
mal_699,1
mal_700,1
mal_701,1
mal_702,1
mal_703,1
mal_704,1
mal_705,1
mal_706,1
mal_707,1
mal_708,1
mal_709,1
mal_710,1
mal_711,1
mal_712,1
mal_713,1
mal_714,1
mal_715,1
mal_716,1
mal_717,1
mal_718,1
mal_719,1
mal_720,1
mal_721,1
mal_722,1
mal_723,1
mal_724,1
mal_725,1
mal_726,1
mal_727,1
mal_728,1
mal_729,1
mal_730,1
mal_731,1
mal_732,1
mal_733,1
mal_734,1
mal_735,1
mal_736,1
mal_737,1
mal_738,1
mal_739,1
mal_740,1
mal_741,1
mal_742,1
mal_743,1
mal_744,1
mal_745,1
mal_746,1
mal_747,1
mal_748,1
mal_749,1
mal_750,1
mal_751,1
mal_752,1
mal_753,1
mal_754,1
mal_755,1
mal_756,1
mal_757,1
mal_758,1
mal_759,1
mal_760,1
mal_761,1
mal_762,1
mal_763,1
mal_764,1
mal_765,1
mal_766,1
mal_767,1
mal_768,1
mal_769,1
mal_770,1
mal_771,1
mal_772,1
mal_773,1
mal_774,1
mal_775,1
mal_776,1
mal_777,1
mal_778,1
mal_779,1
mal_780,1
mal_781,1
mal_782,1
mal_783,1
mal_784,1
mal_785,1
mal_786,1
mal_787,1
mal_788,1
mal_789,1
mal_790,1
mal_791,1
mal_792,1
mal_793,1
mal_794,1
mal_795,1
mal_796,1
mal_797,1
mal_798,1
mal_799,1
mal_800,1
mal_801,1
mal_802,1
mal_803,1
mal_804,1
mal_805,1
mal_806,1
mal_807,1
mal_808,1
mal_809,1
mal_810,1
mal_811,1
mal_812,1
mal_813,1
mal_814,1
mal_815,1
mal_816,1
mal_817,1
mal_818,1
mal_819,1
mal_820,1
mal_821,1
mal_822,1
mal_823,1
mal_824,1
mal_825,1
mal_826,1
mal_827,1
mal_828,1
mal_829,1
mal_830,1
mal_831,1
mal_832,1
mal_833,1
mal_834,1
mal_835,1
mal_836,1
mal_837,1
mal_838,1
mal_839,1
mal_840,1
mal_841,1
mal_842,1
mal_843,1
mal_844,1
mal_845,1
mal_846,1
mal_847,1
mal_848,1
mal_849,1
mal_850,1
mal_851,1
mal_852,1
mal_853,1
mal_854,1
mal_855,1
mal_856,1
mal_857,1
mal_858,1
mal_859,1
mal_860,1
mal_861,1
mal_862,1
mal_863,1
mal_864,1
mal_865,1
mal_866,1
mal_867,1
mal_868,1
mal_869,1
mal_870,1
mal_871,1
mal_872,1
mal_873,1
mal_874,1
mal_875,1
mal_876,1
mal_877,1
mal_878,1
mal_879,1
mal_880,1
mal_881,1
mal_882,1
mal_883,1
mal_884,1
mal_885,1
mal_886,1
mal_887,1
mal_888,1
mal_889,1
mal_890,1
mal_891,1
mal_892,1
mal_893,1
mal_894,1
mal_895,1
mal_896,1
mal_897,1
mal_898,1
mal_899,1
mal_900,1
mal_901,1
mal_902,1
mal_903,1
mal_904,1
mal_905,1
mal_906,1
mal_907,1
mal_908,1
mal_909,1
mal_910,1
mal_911,1
mal_912,1
mal_913,1
mal_914,1
mal_915,1
mal_916,1
mal_917,1
mal_918,1
mal_919,1
mal_920,1
mal_921,1
mal_922,1
mal_923,1
mal_924,1
mal_925,1
mal_926,1
mal_927,1
mal_928,1
mal_929,1
mal_930,1
mal_931,1
mal_932,1
mal_933,1
mal_934,1
mal_935,1
mal_936,1
mal_937,1
mal_938,1
mal_939,1
mal_940,1
mal_941,1
mal_942,1
mal_943,1
mal_944,1
mal_945,1
mal_946,1
mal_947,1
mal_948,1
mal_949,1
mal_950,1
mal_951,1
mal_952,1
mal_953,1
mal_954,1
mal_955,1
mal_956,1
mal_957,1
mal_958,1
mal_959,1
mal_960,1
mal_961,1
mal_962,1
mal_963,1
mal_964,1
mal_965,1
mal_966,1
mal_967,1
mal_968,1
mal_969,1
mal_970,1
mal_971,1
mal_972,1
mal_973,1
mal_974,1
mal_975,1
mal_976,1
mal_977,1
mal_978,1
mal_979,1
mal_980,1
mal_981,1
mal_982,1
mal_983,1
mal_984,1
mal_985,1
mal_986,1
mal_987,1
mal_988,1
mal_989,1
mal_990,1
mal_991,1
mal_992,1
mal_993,1
mal_994,1
mal_995,1
mal_996,1
mal_997,1
mal_998,1
mal_999,1
mal_1000,1